1,different,《～とは》違った《from》；さまざまな
2,hobby,趣味
3,enjoy,を楽しむ；を享受する
4,love,を愛している／愛
5,prefer,《～より》を好む《to》
6,hate,"を憎む；…したくない《to do, …ing》／憎しみ"
7,ask,尋ねる；求める
8,consult,(辞書など)を調べる；(専門家)に相談する
9,will,…だろう；…するつもりだ／意志；遺言
10,willing,…する気がある《to do》；喜んで行う
11,marry,結婚する
12,clever,賢い；抜け目ない；器用な；巧みな
13,handsome,(男性が)ハンサムな；立派な
14,pretty,かわいらしい／かなり
15,ugly,醜い；不快な
16,so,だから／そのように；それほど[だけ]；とても
17,hard,熱心に；激しく／硬い；難しい；つらい
18,firm,断固とした；固い／会社
19,choice,選択；選択の自由
20,money,お金
21,trip,旅行；移動
22,travel,旅行する；(光・音などが)伝わる／旅行
23,must,…しなければならない；…に違いない／絶対に必要なもの[こと]
24,useful,《物・事に/人に》役に立つ《for/to》
25,convenient,(時間・場所・物が)都合のよい；便利な
26,find,を見つける；…だとわかる
27,discover,を発見する；に気づく
28,buy,《+ A (for B) / B A》(Bに)Aを買う
29,long,長い／長い間
30,cash,現金
31,pay,《～に》を支払う《for》／《～に》代金を支払う《for》；割に合う／給料
32,income,収入
33,price,(品物の)値段；代償；《-s》物価
34,fare,(交通機関の)運賃
35,fee,(参加・入場の)料金；(医師などへの)謝礼
36,charge,料金；責任；告発／を請求する；(責任など)を負わせる；を告発する；を充電する
37,cost,費用；代償；犠牲／(費用など)がかかる；(犠牲)を払わせる
38,expense,費用；犠牲
39,cheap,安い；安っぽい
40,expensive,高価な
41,special,特別な；独特の；専門の
42,unique,独特の；唯一の
43,remarkable,注目すべき；すぐれた
44,quickly,速く
45,gradually,徐々に
46,suddenly,突然
47,want,が欲しい；～したい《to do》
48,juice,汁；ジュース
49,die,死ぬ
50,again,再び，もう一度
51,repeat,繰り返す
52,another,もう1つ[1人]の；別の／もう1つ[1人]；別の人[物]
53,then,その時；それから；それなら
54,far,(時間・空間的に)遠くへ；大いに／遠い
55,let,《+ ～ do》～に(したいように)…させる
56,sick,病気の；うんざりして
57,ill,病気で；悪い
58,pale,(病気などで)青白い
59,cut,を切る；を削減する
60,happy,うれしい；幸せな
61,lovely,すてきな；美しい
62,explain,説明する
63,illustrate,《～を使って》を説明する《with》
64,demonstrate,を証明する；を実演する／デモをする
65,account,《+ for ～》～を占める；～を説明する；～の原因となる／口座；報告
66,save,を救う；を貯蓄する；を節約する
67,rescue,(危険・束縛などから)を救う《from》／救助；救済
68,assist,を助ける／《～を》助ける《in》
69,spare,余分の；予備の／予備／(時間など)を割く；を省く；を惜しむ
70,life,生命(体)；一生；生活
71,thank,に感謝する／《-s》感謝
72,dear,親愛な；大切な／《呼びかけで》あなた
73,help,助ける；手伝う；役立つ／助け
74,aid,支援；救援(物資)／を援助する／助けとなる
75,cooperate,協力する；協力して…する《to do》
76,volunteer,ボランティア；志願者
77,forever,永久に
78,choose,選ぶ
79,select,を選ぶ／選り抜きの
80,elect,(投票で)選ぶ
81,vote,投票(する)
82,pick,選ぶ；(花・果実などを)摘む
83,wife,妻
84,husband,夫
85,right,右の；正しい／右へ；正しく；ちょうど／右；権利
86,wrong,間違った；不適当な
87,proper,適切な；正しい
88,appropriate,適切な
89,excessive,過度の
90,magic,魔法；手品／魔法の
91,power,権力；能力；エネルギー
92,energy,エネルギー；活力
93,authority,権威；権限；《通例the -ties》当局
94,move,を移動させる；を感動させる／動く；引っ越す
95,transfer,を移動させる；を転勤させる／乗り換える；転任する／移転
96,pass,に合格する；を通過する；を渡す／(時間が)経過する；《～として》通る《for》／入場許可(証)
97,hurry,急ぐ／急ぐ必要
98,flow,(川・情報などが)流れる／流れ
99,stream,小川；流れ
100,heart,心臓；心；愛情
101,sour,すっぱい
102,sweet,甘い；優しい／甘いもの
103,bitter,厳しい；つらい；痛烈な；苦い
104,fast,速い；急速な／速く，急速に；しっかりと
105,rapid,(変化・行動などが)速い；急速な
106,surprise,を驚かす／びっくりさせること[もの]；驚き
107,report,報告(書)；報道／報告する；報道する；通報する
108,decide,を決める；…することに決める《to do》／決定する
109,determine,を決定する；に決心させる／決定する
110,judge,裁く；判断する；審査する／裁判官
111,plastic,プラスチックの；ビニールの／プラスチック
112,straw,ストロー；わら，麦わら
113,store,店；蓄え；倉庫／を蓄える
114,say,(を)言う；(本などに)と書いてある
115,express,を表現する／急行列車／急行の
116,remark,(短めの)感想；発言／だと述べる《that》
117,start,"を始める《to do, …ing》；(事)を起こす／始める；始まる；出発する／出発；開始；《the -》出発点"
118,package,包み；容器
119,recycle,を再利用する
120,company,会社；交際
121,manage,を経営する；どうにか…する《to do》
122,decision,決定；決心
123,corporation,株式会社；企業；法人
124,department,部門；学科；《D-》 ((米)) 省；(百貨店などの)売り場
125,section,部分；区分；部門；(本などの)節
126,management,経営(者)；取り扱い
127,movement,動き；運動；移動
128,turtle,ウミガメ；カメ
129,catch,をつかむ；を捕まえる；に間に合う；を理解する／捕まえること
130,miss,を逃がす；がいなくて寂しく思う／失敗
131,stick,を貼り付ける；を刺す／くっつく；刺さる；固執する／棒きれ
132,try,を試みる；…しようと(努力)する《to do》／やってみる；努力する／試し
133,attempt,を試みる；…しようとする《to do》／試み
134,challenge,挑戦；難問／(人)に挑戦する；(考えなど)に異議を唱える
135,struggle,苦闘する／闘争；もがき
136,pull,引く，引っぱる；車を寄せる
137,close,を閉める／閉まる／接近した；親密な
138,shake,揺れる／を振り動かす
139,head,頭；頭脳；(組織などの)長
140,blood,血液；家系
141,finally,とうとう；終わりにあたって
142,spread,広がる／を広げる／広がり；普及
143,through,を通り抜けて；のあちこちを；の間ずっと／通り抜けて；ずっと
144,throughout,通して；至るところに
145,Internet,《the -》インターネット
146,sad,悲しい
147,disappoint,を失望させる
148,tragedy,悲劇
149,lot,"《a -, 時に-s》 たくさん；土地"
150,pollution,汚染；公害
151,just,ほんの；ちょうど；たった今；ただ…だけ／公正な
152,fair,公平な；かなりの／見本市；展示会
153,example,(実)例；見本
154,type,型；タイプ
155,typical,典型的な；《～を》代表する《of》
156,garbage,(主に台所から出る)ゴミ；ゴミ箱
157,pollute,を汚染する
158,beach,浜辺；海岸
159,rope,縄，ロープ
160,carry,を運ぶ；を携帯する／届く
161,distance,距離；遠方；(時間・考えなどの)隔たり
162,disappear,消える
163,extinct,絶滅した
164,appear,現れる；…と思われる[見える]
165,naturally,生来；自然に；当然
166,kill,を殺す；(時間)をつぶす
167,look,見る；～に見える
168,favorite,お気に入りの(もの)
169,result,結果；成績／《～の》結果になる《in》；《～から》結果として起こる《from》
170,consequence,結果；重要性
171,dangerous,危険な
172,safe,安全な；無事な／金庫
173,security,安全；警備
174,stable,安定した
175,steady,一定の；安定した
176,also,…もまた；その上
177,human,人間の；人情のある／人間
178,break,を壊す／壊れる／休憩
179,fix,を固定する；を修理する／固定する
180,repair,を修理[修復]する／修理
181,damage,損害；損傷／に損害を与える；を損なう
182,harm,損害；悪意／を害する
183,piece,《a – of ～》1つの～；部品
184,several,いくつかの；それぞれの；いろいろな
185,short,短い；背が低い；不足の
186,brief,短時間の；簡潔な
187,easily,簡単に
188,mix,を混ぜ(て作)る／《～と》混ざる《with》
189,chemical,《通例-s》化学物質[製品]／化学の；化学的な
190,way,方法；《～への》道《to》；道のり；《時に-s》習慣；(…の)点
191,manner,方法；態度；《-s》行儀；《-s》風習
192,method,方法
193,dish,皿；(皿に盛った)料理
194,bad,悪い；下手な
195,effect,影響；効果；結果
196,effective,効果的な
197,efficient,効率的な
198,health,健康(状態)
199,scientist,科学者
200,science,科学；理科
201,amount,《～の》量《of》；総額／《+ to ～》総計～に達する；～に等しい
202,quantity,量；多量
203,quality,質；特性
204,volume,量；容積；音量；1冊
205,sum,《the -》合計；金額；《the -》要点／を要約する
206,surprisingly,驚くほど(に)；《文修飾》驚いたことに
207,product,製品；産物；成果
208,throw,投げる
209,environment,(自然)環境
210,circumstance,《通例-s》状況；事情
211,attitude,《～に対する》態度，姿勢；考え方《toward》
212,eco-friendly,環境にやさしい
213,ecology,生態(学)；環境
214,friendly,親しみのある；仲がよい
215,earth,《通例the -》地球；地面；土
216,earthquake,地震
217,disaster,(大)災害
218,flood,洪水／を水浸しにする；(場所など)に殺到する
219,future,未来
220,ambitious,意欲のある；野望のある
221,confident,自信のある；確信している
222,courage,勇気
223,discourage,を落胆させる；を妨害する
224,eager,熱心な；《～を》熱望して《for》
225,brave,勇敢な
226,hesitate,《…するのを》ためらう《to do》
227,aggressive,攻撃的な；積極的な
228,positive,よい；肯定的な；積極的な；確信して
229,negative,悪い；否定的な；消極的な
230,optimistic,楽観的な
231,pessimistic,悲観的な；悲観主義の
232,as,～として／同じくらい／…なので；…のように；…しながら
233,religious,宗教(上)の；宗教的な；信心深い
234,century,世紀
235,decade,10年間
236,exact,正確な；的確な
237,correct,正しい；適切な／を訂正する
238,precise,正確な
239,meet,(に)会う；を出迎える；と知り合いになる
240,face,顔(つき)；表面／に面する；に直面する／《～の方に》面する《to》
241,greet,にあいさつをする；を出迎える
242,introduce,を導入する；を紹介する
243,church,教会；礼拝
244,temple,寺院；神殿
245,pray,祈る
246,accurate,正確な(≒exact)
247,minute,分；瞬間
248,complicated,複雑な
249,complex,複雑な；多くの部分からなる
250,part,部分；役；地域／を分ける／《～と》別れる《from》
251,figure,数字；(～な)人物；姿；図形／と思う
252,quarter,4分の1
253,inside,の中に[へ；の]／中に／中の；内部の／内側
254,traditional,伝統的な
255,digital,数字の；デジタルの
256,hand,手；手助け；人手；(時計の)針／を手渡す
257,number,数；番号；《a – of ～》いくつかの～；多数の～
258,population,人口；《the -》全住民；全個体数
259,display,展示(品)；ディスプレイ／を展示する；(感情など)を表す
260,exhibit,を展示する；(感情や能力)を示す／展示(品)
261,least,最小；最少／最も小さい[少ない]／最も少なく；最も～でなく
262,zone,地帯；区域
263,alarm,おそれ；目覚まし時計；警報
264,even,…(で)さえ；《比較級を強調して》さらに／平らな；偶数の；互角の
265,count,を数える／重要である／数えること
266,depend,《～に》頼る；《～を》当てにする；～次第である《on》
267,independent,《～から》自立した《of》
268,rely,《～を》頼る《on》
269,beat,打つこと；鼓動／を打つ；を打ち負かす
270,hit,たたく；当たる；攻撃する／打撃
271,strike,(物が)にぶつかる；を打つ；(考えなどが)(人)の心に浮かぶ／打撃；ストライキ
272,touch,に触れる；を感動させる／触れる／接触；感触
273,jog,ジョギング(をする)
274,tell,を話す；を伝える；に《…するよう》命じる《to do》；《～と》を見分ける《from》
275,mention,について言う[書く]／言及すること
276,refer,《+ to ～》～に言及する；～を参照する，～に問い合わせる；～に関連がある
277,finish,を終える／終わる／終わり
278,place,場所／を置く
279,differently,異なって
280,culture,文化
281,important,重要な
282,significant,重要な；(数・量が)かなりの；(統計で)有意の
283,substantial,実在する；重要な；かなりの
284,plan,計画；企て／を計画する；《…する》つもりである《to do》／計画を立てる
285,follow,あとについて行く；従う；継ぐ
286,obey,(命令・指示など)に従う
287,closely,親密に；綿密に
288,certain,確かな；ある～
289,vague,(考えなどが)あいまいな；(表情などが)ぼんやりとした
290,inevitable,避けられない；必然的な
291,assure,(人)に保証する；を安心させる
292,rude,無礼な；粗雑な
293,late,遅く／遅れた；(ある時期の)終わりに近い
294,relax,をくつろがせる／くつろぐ
295,comfortable,快適な；気楽な
296,relieve,を取り除く；を安心させる
297,schedule,予定表／を予定する
298,project,(事業)計画／を計画する；を見積もる；を投影する
299,arrangement,手配；配置；取り決め
300,delay,遅延；延期／を遅らせる；を延期する／のろのろする
301,postpone,を延期する
302,chase,追跡(する)
303,explore,探求する；探検する
304,pursue,を追跡する；を追い求める
305,seek,を探し求める
306,luck,幸運；運
307,ladder,はしご；(出世の)階段
308,unlucky,不運な，うまくいかない
309,unfortunately,不幸にも
310,indoors,屋内[室内]で
311,prove,を証明する／…とわかる
312,superstitious,迷信的な，迷信深い
313,world,《the -》世界；《the -》世間
314,million,100万の／100万
315,billion,10億
316,dozen,ダース[12個](の)
317,superstition,迷信
318,believe,信じる；思う
319,trust,信頼；(財産などの)委託／を信頼する
320,faith,信頼；確信；信仰
321,suspect,だと思う《that》；を疑う／容疑者
322,doubt,疑い／疑う
323,abroad,外国[海外]に[へ；で]
324,overseas,海外の／海外へ[で]
325,international,国際的な；国家間の
326,nation,国家；国民
327,national,国家の；国民の
328,worldwide,世界的な／世界中で[に]
329,global,世界的な
330,lucky,幸運な
331,fortunate,幸運な
332,often,しばしば
333,think,(と)思う；(を)考える
334,guess,を推測する；と思う／推測
335,suppose,と考える
336,assume,と思い込む[仮定する]；(責任など)を引き受ける；(表情など)を帯びる
337,imagine,想像する；思う
338,pronounce,を発音する；を宣言[宣告]する
339,death,死(亡)
340,bury,(死者・物)を埋める
341,give,《+ A (to B) / B A》 (Bに)Aを与える；(パーティーなど)を催す
342,dedicate,(研究・活動などに)をささげる
343,devote,《～に》をささげる；《～に》を充てる《to》
344,donate,寄付する；提供する
345,contribute,《～に》貢献する《to》；一因となる；寄付する／を提供する
346,gift,贈り物；才能
347,frequently,頻繁に
348,constantly,絶えず
349,regularly,定期的に
350,hardly,ほとんど…ない
351,rarely,めったに…ない
352,seldom,めったに…(し)ない
353,barely,かろうじて(…する)
354,consider,《+ A B》AをBとみなす；をよく考える
355,considerable,(数量・程度が)かなりの
356,regard,《+ A as B》AをBとみなす／敬意
357,assess,を《～と》評価[判断]する《as》；を《～と》査定する《at》
358,evaluate,を評価する
359,estimate,を見積もる；を判断[評価]する／見積もり(書)；判断
360,business,商売；会社；仕事
361,couple,男女の1組，夫婦，恋人同士；1対
362,past,《the -》過去／過去の；ここ～(年月など)の／を過ぎて
363,kind,種類／《～に》親切な《to》
364,sneeze,くしゃみをする／くしゃみ
365,holiday,休日；祝日
366,commerce,商業；貿易
367,industry,産業
368,trade,取引する；交換する／貿易；商売
369,import,輸入(品)／を輸入する
370,export,輸出(品)／を輸出する
371,stock,株式；蓄え；在庫(品)／を貯蔵している
372,invest,《～に》(金・時間などを)投資する《in》
373,capital,資本(金)；首都；大文字／資本の；主要な；大文字の
374,budget,予算；経費
375,credit,信用；名誉／《通例受身で》《～を》の功績だと認める《with》
376,contract,契約(書)／を契約する；(病気)にかかる；を縮める
377,advertisement,広告
378,spill,(液体など)をこぼす／こぼれる
379,however,しかし；どんなに…でも
380,reverse,を逆にする；を一変させる／《the -》逆／逆の
381,turn,回転する；曲がる；変わる／回転；順番；変化
382,backward,後ろへ
383,forward,前に；将来に向かって
384,back,後ろへ；戻って／背中(の)；後ろ(の)
385,return,戻る／を戻す／戻り；返却
386,unite,一体にする[なる]
387,wear,を身につけている；をすり減らす／すり減る；(長く)もつ／《集合的に》衣類
388,team,チーム
389,crowd,群衆；《the -》大衆／群がる／に群がる
390,staff,《集合的に》職員
391,lose,を(見)失う／負ける
392,silly,愚かな
393,foolish,愚かな
394,fool,愚か者／をばかにする
395,stupid,ばかな
396,ridiculous,ばかげた
397,mind,精神；頭脳；意見／嫌がる；気をつける
398,win,勝つ；(賞など)を勝ち取る
399,defeat,失敗(させる)；敗北(させる)
400,victory,勝利；(困難などの)克服
401,contradictory,矛盾している
402,exactly,ちょうど；正確に
403,precisely,正確に
404,definitely,明確に；《否定語とともに》絶対に
405,opposite,正反対の人[物事]／反対(側)の／の向かい側に
406,mean,を意味する；《…する》つもりである《to do》
407,meaning,意味；意図
408,clothes,衣服
409,accident,事故；偶然
410,last,最後の；この前の／続く；持ちこたえる
411,initial,初めの／頭文字
412,plate,皿；(1人分の)料理；板
413,fashion,流行；やり方；流儀
414,formal,形式(上)の；正式の
415,informal,形式ばらない；略式の
416,casual,ふだん着の；何気ない；無頓着な
417,custom,慣習；《-s》関税；《-s》税関
418,habit,習慣；癖
419,feel,感じる／…の感じがする
420,polite,礼儀正しい；丁重で
421,decent,きちんとした；かなりの；親切な
422,bless,《通例受身で》恵まれている；に祝福を与える；に感謝する
423,soul,魂；精神；真髄
424,spirit,精神；気分；魂；気力
425,body,体；死体
426,protect,"《～から》を保護する；を守る《against, from》"
427,conserve,を保護する；を大切に使う
428,guard,を守る；を見張る／警備(員)
429,preserve,を保存する；を維持する；を守る
430,danger,危険；脅威
431,endangered,絶滅の危機に瀕した
432,risk,危険(性)／を危険にさらす；あえて…する《…ing》
433,crisis,危機
434,anyway,《肯定文で》とにかく；《否定文で》どうしても(…できない)
435,brain,《通例-s》脳；頭脳；優秀な人
436,organ,器官；組織；臓器
437,breath,息；呼吸
438,stomach,胃；腹(部)
439,thumb,親指
440,probably,おそらく，たぶん
441,maybe,もしかしたら，おそらく
442,intentionally,意図的に
443,intend,《…する》つもりだ《to do》
444,deliberately,故意に
445,almost,ほとんど
446,bath,入浴；ふろ
447,use,(を)使う／使用
448,borrow,を借りる
449,lend,《+ A (to B) / B A》(Bに)Aを貸す
450,rent,を賃貸[賃借]する／賃貸[賃借]料
451,owe,に借金がある；に恩を受けている
452,debt,借金
453,marriage,結婚
454,end,最後；(末)端；目的／終わる／を終わらせる
455,tail,しっぽ；《通例the -》後部
456,retire,《～から》退職[引退]する《from》
457,quit,(仕事など)をやめる
458,graduate,《～を》卒業する《from》／卒業生；大学院生
459,cease,やむ，終わる／をやめる，を終える
460,chance,見込み；機会；偶然；冒険
461,sure,確信して；確かな／《依頼や質問の返事で》もちろん
462,story,物語；話
463,legend,伝説；伝承文学
464,war,戦争
465,light,光；明かり；《the -》日光／明るい；軽い；ささいな／軽く
466,shine,輝く／を照らす／光
467,dark,暗い／《the -》暗やみ
468,army,軍隊；陸軍
469,military,軍隊[軍人]の／《the -》軍隊
470,weapon,武器
471,sign,標識；徴候；合図／署名する；合図する
472,mark,記号；印；点数／に印をつける
473,heaven,天国；《the -s》天
474,wood,木材；《しばしば-s》森
475,cover,を覆う；(範囲・問題など)にわたる[を含む]／覆うもの
476,hide,を隠す／隠れる
477,silk,絹
478,later,あとで／もっと遅い
479,learn,学ぶ；知る；を身につける
480,master,主人；名人／を支配する；を習得する
481,paper,紙；新聞；《-s》書類；論文
482,sheet,1枚の紙；シーツ
483,document,を記録する／文書；記録
484,vegetable,野菜
485,battle,戦闘／戦う
486,fight,けんか；(競技などの)戦い／戦う
487,attack,攻撃；非難／を攻撃する；を非難する
488,shoot,撃つ
489,conflict,闘争；衝突／《～と》対立する《with》
490,defend,守る
491,invade,(国など)に侵入する；を侵害する
492,purpose,目的；効果
493,tie,を結ぶ／結べる；同点になる／ネクタイ；きずな；同点
494,hang,をつるす；を掛ける／ぶら下がる
495,fly,飛ぶ；飛行機で行く／を飛ばす
496,musical,音楽の；音楽的な／ミュージカル
497,enemy,敵(軍)
498,run,走る；《～に》立候補する《for》／を経営する
499,sound,音／音／～に思われる／を鳴らす；を知らせる／確かな；健全な
500,warning,警告
501,attention,注意；注目
502,care,世話；注意；心配／《～のことを》心配する《about》／か(どうか)気にする；《…したい》と思う《to do》
503,careful,注意深い；《命令文で》気をつけて
504,carefully,注意深く
505,caution,用心；警告
506,angel,天使(のような人)
507,fun,楽しみ
508,shape,形；体形；状態
509,form,形(態)；(申込)用紙／を形作る
510,animal,動物
511,remember,"を覚えている《that, …ing》；忘れずに…する《to do》；を思い出す／覚えている"
512,memorize,記憶する
513,memory,記憶(力)；思い出
514,remind,《+ A of[about] B》AにBを思い出させる
515,forget,"を(置き)忘れる．《…するのを/…したことを》《to do/…ing,》／忘れる"
516,event,出来事；行事
517,lightning,稲光，稲妻；雷
518,electricity,電気；電力
519,history,歴史(学)
520,continue,"を続ける；…し続ける《to do, …ing》／続く"
521,creature,(植物を除いた)生き物
522,species,(共通の特性を持った)種(類)
523,mammal,哺乳動物
524,ceremony,(儀)式；礼儀
525,celebrate,(特別な日・事を)祝う
526,insect,昆虫
527,scent,香り，におい
528,fresh,新鮮な
529,weak,弱い
530,subtle,(違いなどが)微妙な
531,delicate,繊細な；精巧な
532,confuse,を当惑させる；を混同する
533,embarrass,を当惑させる
534,pollutant,汚染物質
535,meal,食事
536,indeed,実際は；本当に；実に
537,show,を示す；を見せる；を明らかにする／見える；現れる／ショー
538,reveal,を明らかにする；を示す
539,expose,を露出する；をさらす；を暴露する
540,indicate,を示唆する；を指し示す
541,case,場合；症例；事実；患者；箱
542,occasion,機会；(特別な)行事；場合
543,affair,問題；事態；用事；事件
544,effort,努力
545,plant,植物；工場／を植える
546,male,男性の；雄の／男性；雄
547,female,女性の；雌の／女性；雌
548,reason,理由；道理；理性
549,cause,を引き起こす／原因；根拠
550,logic,論理(学)；必然性
551,decrease,減少する／を減らす／減少
552,reduce,を減らす
553,diminish,減少する[させる]
554,lessen,を減らす／減る
555,fall,落ちる；降る；倒れる／落下；転倒；秋
556,drop,を落とす；をやめる／落ちる；立ち寄る／一滴；少量；減少
557,carrier,運送業者；運ぶ人；保菌者；通信会社
558,career,職業；経歴
559,live,住む；生きる／生きている
560,survive,生き残る／から生きのびる
561,group,グループ；集団
562,category,範疇；部類
563,classify,を分類する
564,possible,(事が)可能な；あり得る
565,impossible,不可能な
566,role,役割(part)
567,weaken,を弱める
568,destroy,を破壊する
569,ruin,を破滅させる／破滅；廃墟；《-s》遺跡
570,spoil,を台なしにする；を甘やかす
571,smell,のにおいをかぐ／においを発する；においがわかる／におい
572,search,《～を》探す《for》／を探す／捜査；追求
573,leave,去る；残す；を…の状態(のまま)にしておく
574,depart,出発する／から出発する
575,hunt,狩る；探す／狩り；探索
576,organization,組織(化)；団体
577,association,連想；連合；協会
578,council,(地方自治体の)議会；会議
579,union,連合；組合
580,agency,代理(店)；(政府などの)機関
581,unit,1個；1人；(構成などの)単位
582,examine,を調べる；を検査[調査]する
583,investigate,(事件など)を調査する
584,affect,に影響する
585,model,模型；手本／の模型を作る
586,response,反応；答え
587,various,多様な
588,air,空気；空中；空
589,data,《単複両扱い》情報；データ
590,emit,(光・ガスなど)を出す
591,gas,気体；ガス
592,freeze,凍る；動きを止める／を凍らせる
593,melt,溶ける；和らぐ／を溶かす
594,pleasant,心地よい；楽しい
595,please,を喜ばせる／好む／どうか；どうぞ
596,satisfy,を満たす；を満足させる
597,content,中身；内容；《-s》目次／満足して
598,molecule,分子
599,density,密度；密集；(霧などの)濃さ
600,dense,(人や物が)密集した；(霧などが)濃い
601,strong,(力)強い；丈夫な
602,intense,(熱などが)強烈な；(感情・行動などが)激しい
603,focus,《～に》集中する《on》／の焦点を《～に》合わせる《on》；を集中させる／焦点；重点
604,normally,標準的に；普通は
605,normal,標準の；正常な／標準
606,spend,を費やす；《～に/～するのに》を過ごす《on/on[in] …ing》
607,waste,浪費する／浪費；荒れ地；廃棄物
608,clean,清潔な／をきれいにする；を掃除する
609,dirty,汚い
610,main,主要な
611,city,都市；市
612,citizen,市民
613,mayor,《しばしば the M-》市長；(自治体の)長
614,urban,都市[都会]の
615,suburb,《the -s》郊外
616,happen,起こる
617,occur,起こる
618,phenomenon,現象
619,create,を創造する
620,creative,創造力のある
621,invent,を発明する
622,generate,を生み出す
623,compose,を構成する；を作曲する
624,certainly,確かに；《返答》もちろん
625,next,次の；隣の／次に
626,neighbor,近所の人
627,deal,《～を》扱う；《～と》取引する《with》／程度；量；取引
628,cope,《～を》うまく処理する《with》
629,treat,を扱う；を治療する；におごる／おごり；もてなし
630,handle,取っ手；つまみ／をうまく扱う；を操縦する
631,evolve,発展[進化]する[させる]
632,evolution,進化(論)；発展
633,innovation,革新
634,detect,を検出する；を見抜く
635,experience,経験／を経験する
636,suffer,《～に》苦しむ《from》；害を受ける／(苦痛・損害)を受ける
637,area,地域；面積；分野
638,state,状態；国家；州／を述べる
639,statement,陳述；声明
640,declare,を明言する；を宣言する
641,condition,状況；状態；条件
642,situation,立場；状況
643,position,立場；状況；姿勢；位置
644,fact,事実
645,problem,問題
646,trouble,困ること；問題(点)／を悩ませる／《否定文で》心配する
647,although,…にもかかわらず；…だが
648,ocean,《通例the -》大洋；海
649,taste,"味がする／の味をみる／味；《～の》好み，趣味《for, in》"
650,float,浮く；漂う／を浮かべる
651,stand,立っている；《補語・副詞(句)を伴って》(ある位置・状態に)ある／を我慢する
652,bear,に耐える；を支える；(責任)を持つ；(子)を産む／クマ
653,endure,に耐える
654,bottom,底；下部
655,heavy,重い；激しい
656,hold,を持っている；を保つ；を催す／持ちこたえる
657,poverty,貧困
658,bully,をいじめる／いじめっ子
659,abuse,乱用；虐待／を乱用する；を虐待する
660,discrimination,差別；区別
661,prejudice,《～に対する》偏見；先入観《against》
662,continent,大陸
663,horizon,《通例the -》地[水]平線；範囲
664,mistake,(判断上の)誤り，間違い；勘違い
665,error,(基準から外れた)誤り
666,fault,誤り；欠陥；欠点；(落度などの)責任
667,expect,を予期する；を期待する；と思う
668,anticipate,を予想する
669,predict,を予言[予測]する
670,forecast,予報，予想／(天気)を予報する；を予想する
671,pain,痛み；苦しみ
672,prepare,"の準備をする；《～の》覚悟をさせる《for/to do》／《～に対して》準備をする《for, against》"
673,ready,準備[用意]ができた
674,terrible,恐ろしい；ひどい
675,awful,(光景などが)恐ろしい；ひどい
676,horrible,ぞっとするほど恐ろしい；実にひどい
677,cruel,残酷な；(物事が)つらい
678,frighten,を怖がらせる
679,painful,痛い；つらい；骨の折れる
680,keep,を保つ；(動物)を飼う／…し続ける《(on) …ing》
681,maintain,を主張する；を維持する
682,sustain,を持続させる；(人)を支える
683,understand,理解する
684,link,関連(性)／をつなぐ
685,actually,(だが)実は(≒indeed)；実際に
686,TRUE,本当の；《～に》あてはまる《of》
687,usually,たいてい
688,agree,"《～に》同意する《to》；《人/事柄に》賛成する《with/on, about》／《…という事》に同意する《that》"
689,disagree,"《人と/～について》意見が異なる《with/on, about》"
690,accept,を受け入れる；を承認する
691,approve,《～に》賛成[同意]する《of》／(計画・考えなど)を(公に)承認[認可]する
692,admit,《～を》(真であると)認める《to》／を認める；の入場[入学；入会]を認める
693,exciting,わくわくさせる
694,question,質問；問題点／(人)に質問する
695,mood,気分；(作品などが持つ)雰囲気
696,atmosphere,雰囲気；周囲の状況；大気
697,psychologist,心理学者
698,psychology,心理(学)
699,research,研究；調査／研究する
700,topic,話題；論題
701,experiment,実験(する)
702,connect,《～に》をつなぐ[関係づける]《to，with》／つながる
703,contact,接触；連絡／に連絡する
704,relate,《～に》を関連づける《to》；を話す／《～と》関係がある《to》
705,machine,機械
706,check,を調べる；を阻止する／検査；点検；小切手；預かり所
707,confirm,を立証する；を確かめる
708,temperature,温度；体温
709,muscle,筋肉
710,activity,活動
711,while,…する間に；…の間ずっと；その一方で／時間
712,watch,(テレビなど)を見る；を見守る；を見張る；に注意する／《～を》警戒する《for》／腕時計；見張り
713,observe,を観察する；に気づく
714,interesting,(物・事などが)おもしろい
715,funny,おもしろい；奇妙な
716,indifferent,無関心な，無頓着な
717,attractive,魅力的な
718,curious,《～について》好奇心の強い《about》；奇妙な
719,appeal,懇願する；求める；興味を引く／懇願；魅力
720,fascinate,を魅了する
721,tend,《…する》傾向がある《to do》
722,inclined,…したいと思って；…する傾向があって《to do》
723,feeling,感情；(漠然とした)感じ；意見
724,emotion,感情
725,sense,感覚；意味；思慮
726,moment,(特定の)時；瞬間
727,instant,即刻の／瞬間
728,angry,"《人に/物事に》怒った[ている]《with, at/about, at》"
729,mad,怒っている；熱中して；ばかげた
730,crazy,"正気でない；《～に》熱狂した《about, for, over》"
731,instead,その代わりに
732,delight,大きな喜び／を大喜びさせる／楽しむ
733,sympathy,思いやり；同情；共感
734,pity,哀れみ；残念なこと／を気の毒に思う
735,sorrow,(深い)悲しみ
736,depress,を落胆させる
737,regret,後悔(する)；残念(に思う)
738,despair,絶望／《～に》絶望する《of》
739,lonely,孤独の；寂しい
740,frustrate,をいらいらさせる；を挫折させる
741,ashamed,《～を》恥じて《of》
742,likely,…しそうで；ありそうな／たぶん
743,romantic,情熱的な；恋愛の
744,warm,暖かい
745,harmony,調和
746,uneasy,不安な
747,combination,組み合わせ；結合
748,characteristic,特徴／《～に》特徴的な《of》
749,impression,印象；感動
750,image,像；画像；全体的印象
751,listener,聞き手；(ラジオの)聴取者
752,fearful,恐れて；恐ろしい
753,mainly,主として
754,note,メモ；注釈；紙幣；音／に言及する；に注意する；に気づく
755,bill,請求書；紙幣；法案
756,currency,通貨；普及
757,slow,遅い；(時計が)遅れている／速度を落とす／を遅くする
758,soft,柔らかい；穏やかな
759,mild,(天候が)穏やかな；(食べ物が)まろやかな；(程度などが)軽い
760,fill,を満たす；を占める／いっぱいになる
761,instrument,器具；楽器
762,increase,を増やす／増加する／増加
763,knowledge,知識；認識
764,work,働く／を勉強する／仕事；勉強；作品
765,suit,に好都合である，に適する；(服(の色)が)(人)に似合う
766,fit,合う／(大きさなどが)に合う／適した；体調がよい／発作
767,match,(物が)(物)と調和する；に匹敵する／試合；好敵手；匹敵するもの
768,adjust,を調節する；を《～に》適合させる《to》
769,adapt,《～に》適応する《to》／を適応させる；を合わせる
770,adopt,を採用する；を養子にする
771,apply,《～に/～を》申し込む《to/for》；《～に》当てはまる《to》／を適用する；(心)を向ける；(薬)を塗る
772,scene,場面；光景；現場
773,tool,道具；手段
774,device,装置；工夫
775,equipment,装備；備品
776,furniture,家具
777,material,資料；原料；物質／物質の；肉体(上)の
778,unbelievable,驚くような；信じられない
779,incredible,すばらしい；信じられない
780,idea,考え；概念
781,smart,頭のよい；洗練された
782,wise,賢い
783,intelligent,知能の高い
784,bright,明るい；頭のいい
785,popular,人気のある；流行の
786,grade,程度；成績；学年／を段階別にする
787,degree,(温度などの)度；程度；学位
788,university,(総合)大学
789,thought,考え；思いつき
790,notion,考え；理解；意向
791,concept,概念；発想；基本的な考え
792,policy,政策；信条
793,principle,主義；方針；(自然の)原理；原則
794,abstract,抽象的な／要約／を要約する
795,concrete,具体的な／コンクリート
796,education,教育
797,lecture,講義；講演／講義[講演]する
798,professor,教授
799,classical,古典の；クラシックの
800,especially,特に
801,test,検査；試験；実験；試金石／試験する；検査する
802,silence,沈黙；静けさ
803,advice,忠告；助言
804,score,(試合・試験の)得点；楽譜／得点する
805,average,平均／平均的な
806,whole,《the -》全体[全部]の；まるごとの
807,summary,要約
808,detail,細部；《-s》詳細
809,now,今；さて
810,immediately,即座に；直接に
811,major,主要な；大部分の；重大な；長調の／《～を》専攻する(in)
812,minor,それほど重要でない，小さな；少数の；短調の
813,key,かぎ；手がかり；(音楽の)調；《形容詞的に》重要な
814,simply,ただ単に；簡単に
815,since,…して以来；…だから／～以来
816,performance,遂行；上演；演奏；成績
817,able,可能な；有能な
818,ability,能力；才能
819,unable,《…することが》できない《to do》
820,available,手に入る；利用できる
821,afford,～を持てる(経済的)余裕がある；…できる余裕がある《to do》；(機会など)を与える
822,capacity,能力；容量
823,talent,才能(ある人々)
824,potential,潜在的な；可能性のある／潜在能力；可能性
825,instinct,本能
826,skill,技術；技能；熟練
827,technique,技術；技巧
828,technology,科学技術
829,editor,編集者
830,magazine,雑誌
831,extreme,極端；極端な行動／極端な
832,provide,"を《人に》供給する《for, to》；に《物を》提供する《with》"
833,supply,を《人に》供給する《for，to》；に《物を》与える《with》／供給；生活必需品
834,reader,読者，読む人
835,statistics,統計(学)
836,journalist,ジャーナリスト
837,instruct,に教える；に指示する
838,command,命令；指揮(権)；(言語の)運用力／を指揮[命令]する；(風景など)を見下ろす
839,order,に命令する；を注文する／順番；命令；注文
840,well-known,よく知られている，有名な
841,article,記事；条項；品物
842,president,大統領；議長；会長
843,palace,宮殿；公邸；邸宅
844,republic,共和国
845,arrive,《～に》着く《at，in》
846,reach,に着く；(手)を伸ばす；を(手を伸ばして)取る／手[足]を伸ばす
847,approach,近づく／取り組み(方)；接近(方法)
848,access,接近，出入り；《～の》利用権《to》／に接続する
849,sentence,文；判決／(刑を)に宣告する
850,refuse,を拒絶する／断る
851,decline,減少する；衰退する／を断る／減少；衰退；低下
852,deny,を否定する；を拒む
853,reject,を拒絶する
854,publish,を出版する；を発表する；を掲載する
855,surround,を囲む
856,height,高さ
857,length,(物や時間の)長さ
858,depth,深さ
859,width,幅；広さ
860,measure,を測る；を評価する／対策；手段
861,obtain,を入手する；を獲得する
862,acquire,を習得する；を手に入れる
863,gain,を手に入れる；をもうける／(さらに)よくなる；増加する／利益；増大
864,earn,(お金・名声など)を得る；をもたらす
865,meanwhile,その間に；他方
866,impatient,いらいらしている；待ち遠しく思う
867,patient,患者／忍耐強い
868,press,押すこと；印刷；報道(機関)／を圧迫する；を強要する
869,urgent,緊急の；催促する
870,receive,を受け取る；を被る
871,reply,返事／《～に》答える《to》／と答える
872,inform,に《～を》知らせる《of》／情報を提供する
873,announce,を発表する
874,fire,を解雇する；を発砲する／火；火事
875,fail,に落ちる；…し損なう；(人)の役に立たない／《～に》失敗する《in》
876,reluctantly,いやいやながら，しぶしぶ
877,reluctant,気の進まない
878,originally,元来は；独創的に
879,poor,貧しい；粗末な；かわいそうな
880,arrest,を逮捕する／逮捕
881,prison,刑務所；拘置所
882,allow,を許す；を認める
883,forgive,(人・行為・罪など)を許す
884,excuse,を許す／言い訳
885,permit,を許す；を可能にする
886,license,を認可する／免許(証)
887,step,歩み；(はしご・階段などの)段；手段／歩く／(足)を踏み入れる
888,stage,(発達の)段階；舞台
889,process,過程
890,lead,(道などが)通じる／を導く；を率いる／首位
891,direct,を向ける；に指図する；に道を教える／直接の
892,guide,案内する；指導する／案内人[書]；指導者；指針
893,control,を支配する；を制御する；を抑制する／支配(力)；抑制
894,operate,を操作する／動く；作用する；手術する
895,persuade,を《～するよう》説得する《to do》
896,convince,(人)を確信[納得]させる
897,dominate,支配する
898,wall,壁
899,broad,広範囲に及ぶ；(幅・面積の)広い
900,wide,幅の広い
901,narrow,(幅・心・範囲が)狭い；辛うじての
902,deep,深い／深く
903,shallow,浅い；浅はかな
904,extend,を延長する；を広げる／広がる；(事が)続く
905,expand,を拡大する／広がる；膨張する
906,extent,程度；範囲
907,nap,昼寝／昼寝をする
908,grow,を栽培する；(髪など)を生やす／育つ；成長する
909,raise,を育てる；(物・体)を上げる；(問題など)を提起する；(資金)を集める
910,rear,(人が)(子供や動物)を育てる／《the -》後部／後部の
911,feed,(家族など)を養う；に食べ物を与える／食事をする
912,adult,大人／(人が)成人した；大人の
913,executive,(経営)幹部／執行権のある；行政の
914,government,政府；政治(体制)
915,middle,中央(の)；中間(の)
916,center,中心；中央；(施設としての)センター
917,political,政治(上)の
918,economic,経済(学)の
919,financial,財政の
920,expert,専門家；熟練者／熟達した
921,productivity,生産性
922,religion,宗教
923,tradition,伝統；慣習
924,still,まだ；《比較級を伴って》いっそう；それでも／静止した
925,task,課題；(やるべき)仕事；任務
926,duty,義務；任務
927,responsibility,責任
928,assignment,任務；課題；割り当て
929,essential,不可欠の；基本的な
930,crucial,決定的な；必要不可欠の
931,fundamental,基本的な；《～にとって》必須の《to》(≒basic)／《-s》基本
932,attend,に出席する；に通う／注意を払う
933,matter,問題；《-s》事態；物質／重要である
934,like,を好む／のような[に]
935,office,事務所；仕事場
936,empty,空の；空虚な
937,clear,明白な；わかりやすい；透明な；妨げるものがない／を取り除く
938,evident,明白な(⇔doubtful)
939,obvious,明白な
940,plain,明白な；易しい；地味な／平原
941,pure,純粋な；きれいな
942,remove,を《～から》取り除く《from》；を《～に》移す《to》
943,foreigner,外国人
944,enter,に入る；に入学[入会]する；に加わる
945,own,自分自身の／を所有する
946,possess,を所有している
947,belong,《～に》所属している，《～の》ものである《to》
948,property,財産；所有物；不動産；特性
949,rhythm,リズム
950,recall,を思い出す；を思い出させる／思い出すこと
951,somewhere,どこかで[へ]；およそ
952,extremely,非常に
953,outside,の外に[へ；の]／外に／外の／外
954,heat,熱；暑さ／を熱する／熱くなる
955,wave,波／を振る
956,ghost,幽霊；幻影
957,unlike,と異なって／異なった
958,action,(1回の)行動；働き；行為
959,except,を除いて(は)
960,full,いっぱいの；完全な；満腹の
961,hungry,空腹の；渇望[熱望]して
962,complete,完全な；まったくの／を仕上げる
963,absolute,完全な
964,thorough,徹底的な，完全な
965,accomplish,を成し遂げる
966,achieve,を成し遂げる；を獲得する
967,fulfill,(要求など)を満たす；(任務など)を果たす
968,call,《+ A (+B)》Aを(Bと)呼ぶ；に電話する／《人/場所を》訪問する《on/at》；叫ぶ／(電話の)呼び出し
969,family,家族；家庭
970,afterward(s),後で；後に
971,relative,親戚／相対的な；比較上の；関係のある
972,ancestor,先祖
973,healthy,健康な
974,conventional,従来の，伝統的な；型にはまった
975,apparently,見たところでは；たぶん
976,natural,自然の；当然の；生まれつきの
977,researcher,研究者
978,tune,調和；曲／を《～に》調和[適応]させる《to》；《通例受身で》(番組などに)合っている；を調律する
979,biological,生物(学)の
980,study,勉強；研究／勉強する；研究する
981,suggest,をそれとなく言う；を提言する
982,imply,を意味[暗示]する，をほのめかす
983,propose,(計画など)を提案する；をもくろむ／結婚を申し込む
984,offer,を提供する；を申し出る／提供；申し出
985,recommend,を推薦する
986,require,を必要とする(≒demand)；を要求する
987,request,依頼，要請／を要請する
988,period,期間；時期；時代；(授業の)時間；周期
989,term,言葉；学期；任期；《-s》条件；《-s》間柄
990,block,かたまり；街区；障害物／を阻止する
991,sleepy,眠い
992,mathematics,数学
993,chemistry,化学
994,physics,物理学
995,economics,経済学
996,philosophy,哲学；人生観
997,include,を含む(≒contain)
998,exclude,を除外する
999,involve,を関連させる；を含む；を《～に》没頭させる《in》
1000,director,監督；責任者；重役；所長
1001,biology,生物学
1002,institute,(工科)大学；研究所；協会
1003,tired,疲れた；あきた
1004,secondary,第2の，二次[副次]的な；(教育が)中級の
1005,peak,最高潮；峰；頂上
1006,concentration,集中(力)；濃縮
1007,difficulty,困難(さ)
1008,remain,依然…のままである；残る
1009,rest,《the -》残り；休み／休む／(腕など)を置く
1010,awake,目覚めて；《～に》気づいて《to》／目が覚める／を起こす
1011,sort,種類／を分類する
1012,difficult,難しい；気難しい
1013,need,を必要とする；…する必要がある《(to) do》；…される必要がある《…ing》／必要；要求
1014,necessary,必要な
1015,ahead,前方へ[に]；事前に；出世して
1016,previous,(時間・順序の点で)前の
1017,component,(構成)要素，部品；成分
1018,lifestyle,生活様式
1019,shift,(方向など)を変える／移る／変化；移動；交替(制)；(交替制の)勤務時間
1020,join,に参加する；を《～に》(結び)合わせる《to》／《～に》参加する《in》；結びつく
1021,participate,《～に》参加する《in》
1022,drink,飲む／飲み物
1023,laugh,《～を》笑う《at》
1024,origin,起源；出身
1025,resource,資源；財源；資質
1026,lie,横たわっている；(…に)ある《in》；うそをつく／うそ
1027,cheat,をだます／カンニングをする
1028,deceive,をだます
1029,climate,(年間を通じての)気候
1030,architecture,建築(学)；建築技術
1031,globe,《the -》地球；世界
1032,shade,(物)陰；色合い
1033,avoid,を避ける
1034,burn,を焼く；を燃やす／焼ける；燃える
1035,pack,を詰める；を包む／衣類を詰める／1箱
1036,pour,を注ぐ／(雨が)どしゃ降りに降る；流れ出る
1037,cool,冷える／を冷やす／涼しい；冷静な；かっこいい
1038,factor,要因；因子
1039,drive,を駆り立てる；(車)を運転する；(人)を車で送る／自動車を運転する／衝動
1040,primarily,主として；第一に
1041,primary,主要な；初等の；根本の
1042,elementary,初歩の
1043,social,社会の；社交的な
1044,value,価値；重要性；《-s》価値観／を尊重する
1045,demand,を要求する(≒require)／要求；需要
1046,equal,《～と》等しい；耐えうる《to》／対等の人／に等しい；に相当する
1047,emphasis,強調，重点
1048,tourist,旅行者
1049,board,板；委員会；(官庁などの)局，部／に搭乗する
1050,opportunity,機会
1051,talk,話す／話
1052,issue,問題(点)；発刊物；発行／を発行[出版]する
1053,communication,(情報･意見などの)伝達；意思疎通；通信(網)
1054,conversation,会話；対談
1055,entertain,を楽しませる；をもてなす
1056,amuse,を楽しませる
1057,bore,を退屈させる／退屈な人[もの]
1058,dull,退屈な，つまらない；(色などが)くすんだ；曇った
1059,guest,招待客；宿泊客
1060,combine,を《～と》組み合わせる《with》；を兼ね備える／《～と》組み合わさる；結合する《with》
1061,progressive,進歩的な；漸進的な；前進する
1062,advance,進歩；前進／進歩させる[する]
1063,improve,を改善[改良]する[させる]／よくなる
1064,enhance,(価値・質・魅力など)を高める；をより良くする
1065,gather,集まる／を集める
1066,collect,を集める／(人が)集まる
1067,once,1度；かつて／1度…すれば／1回
1068,course,進路；課程；成り行き；(コース料理の)1品
1069,toward(s),の方へ
1070,entire,全体の；まったくの
1071,base,の基礎を《～に》置く《on》／土台
1072,basic,"基礎の(≒essential, primary)／《-s》基礎知識"
1073,theme,主題，テーマ(≒subject，topic)
1074,subject,主題；科目；被験者／《～に》影響を受けやすい；服従する《to》／を服従させる
1075,dress,に衣服を着せる／服を着る／ドレス；衣服
1076,according,《+ to ～》～によれば；～にしたがって
1077,customer,顧客
1078,client,(弁護士などへの)依頼人；(サービス業の)取引先
1079,passenger,乗客
1080,audience,(テレビの)視聴者；聴衆
1081,successful,《～に》成功した《in》
1082,success,成功
1083,succeed,《～に》成功する《in》／跡を継ぐ
1084,location,場所；位置
1085,tiring,疲れさせる，骨の折れる
1086,stop,をやめる《…ing》／《～するために》(立ち)止まる《to do》／止まること；立ち寄り；停留所
1087,prevent,を防ぐ；を妨げる
1088,disturb,を邪魔する；を乱す；を不安にする
1089,interrupt,(話などを)さえぎる；中断する
1090,abandon,を(やむを得ず)(見)捨てる；をあきらめる
1091,division,部門；分割；分配；割り算
1092,divide,を分割する；を分配する／分かれる
1093,separate,を分ける／離れた
1094,overall,全体の；全面[全般]的な／全体として
1095,serve,仕える；《～として》役立つ《as》；給仕する／を給仕する；を供給する；の役に立つ
1096,service,公共事業；奉仕；業務
1097,final,最後の；最終的な
1098,ultimate,究極の；根本の(≒fundamental)
1099,dessert,デザート
1100,apart,離れて；個々に
1101,perhaps,ひょっとすると，おそらく；《数値の前で》だいたい
1102,ingredient,(料理などの)材料；成分
1103,share,を共有する；を分配する／分担する／割り当て；分け前；役割
1104,distribute,を分配する
1105,famous,《～で》有名な《for》
1106,modern,現代の；近代の
1107,ancient,古代の
1108,doctor,医者；博士
1109,public,公共の；民衆の／《the -》民衆
1110,official,公の；公式の／公務員；職員
1111,private,個人の；内密の；民間の
1112,region,地域；分野
1113,district,地域；地区
1114,solve,を解決する；を解答する
1115,resolve,を解決する／決心する；決議する
1116,settle,を決める；を解決する／定住する；落ち着く；(ほこりなどが)積もる
1117,mystery,不思議；謎，神秘
1118,hope,望む／希望
1119,wish,願う；…だといいと思う／願い
1120,secret,秘密；《通例the -》秘訣／秘密の
1121,medical,医学の
1122,medicine,薬；医学
1123,poison,毒(物)
1124,therapy,(薬物や手術によらない)治療；～療法
1125,surgery,手術；外科
1126,age,年齢；年代；老年；(歴史上の)時代／年を取る
1127,physical,身体の
1128,mental,精神的な
1129,benefit,恩恵；利益／利益を得る／に利益を与える
1130,field,畑；分野；競技場
1131,ground,土地；根拠(≒base，basis)
1132,surface,表面；《the -》外観
1133,rough,ざらざらした；粗野な；おおよその
1134,smooth,平らな；なめらかな；順調な
1135,simple,簡単な，単純な；簡素な；まったくの
1136,diet,食事；ダイエット；《the D-》国会／ダイエットをする
1137,vitamin,ビタミン
1138,nutrition,栄養(摂取)；栄養物
1139,low,低い；少ない／低く
1140,rise,上がる；起きる；出世する／上昇；増加
1141,lift,を(持ち)上げる／上がる／上がること；(車などに)乗せること
1142,fat,太っている／脂肪(分)
1143,generation,世代；発生
1144,infant,(乳)幼児／(乳)幼児(期)の
1145,childhood,子供時代
1146,teenager,10代の若者
1147,youth,《the -》若者；若さ；青年時代
1148,senior,先輩の；上位の；年上の／年長者；最上級生
1149,elder,年上の／長老；年長者
1150,profit,利益／利益を得る／の利益になる
1151,advantage,有利(な点)；利点；利益
1152,merit,長所；価値
1153,amaze,をとても驚かせる
1154,birth,誕生；出産
1155,record,記録(書類)；履歴；成績／を記録する；を録画[録音]する
1156,general,一般的な／大将；将軍
1157,individual,個々の；個人の／個人
1158,eyesight,視力；視野
1159,vision,視力；見通す力；未来像；空想
1160,blind,目の見えない，盲目の；気づいていない
1161,deaf,耳が聞こえない
1162,serious,重大な；まじめな
1163,disease,病気(≒illness)
1164,direction,方向；指導；指図
1165,rich,裕福な；《～が》豊富な《in》
1166,abundant,豊富な
1167,wealthy,裕福な；豊富な
1168,wildlife,《集合的に》野生生物
1169,symptom,徴候；症状
1170,fever,熱；熱病
1171,cough,せきをする／せき
1172,virus,ウイルス
1173,infect,(病気が)(人)に感染[伝染]する
1174,hurt,にけがをさせる／痛む
1175,injure,(人など)にけがをさせる；(感情など)を傷つける
1176,wound,傷／を傷つける
1177,cancer,がん
1178,cure,を治療する；《+ A of B》AのBを治す／治療
1179,heal,を治す[癒やす]／(傷などが)治る；癒える
1180,recover,《～から》回復する《from》／を取り戻す
1181,quite,まったく；かなり
1182,cook,料理する／料理人
1183,raw,(食物が)生の；加工されていない
1184,local,地元の；ある地方(特有)の
1185,daily,日常(の)；毎日(の)
1186,small,小さい(≒little)
1187,huge,巨大な，莫大な
1188,vast,膨大な；広大な
1189,enormous,莫大な；巨大な
1190,tremendous,(数量・程度・強さなどが)ものすごい；すばらしい
1191,consist,《～から》成る《of》；《～に》存在する《in》
1192,largely,ほとんど；主として
1193,grain,穀物；わずかな量；粒
1194,corn,トウモロコシ
1195,bean,豆
1196,alcohol,アルコール(飲料)
1197,smoke,煙；喫煙／(タバコを)吸う
1198,similar,《～に》よく似た《to》；同類[種]の
1199,resemble,に似ている
1200,compare,"を《～と》比較する《with, to》；を《～に》たとえる《to》／《～に》匹敵する《with, to》"
1201,superior,優れた；上部[上位]の／上司
1202,inferior,劣った
1203,inhabitant,《通例-s》住民
1204,resident,住民，居住者；滞在者
1205,contain,を含む(include)；を収容する
1206,ordinary,普通の；ありふれた
1207,calorie,カロリー
1208,common,普通の；共通の
1209,mutual,相互の；共通の
1210,countryside,《通例the -》地方；田舎；田園地帯
1211,mostly,主に；たいていは
1212,farmer,農場経営者，農場主
1213,farm,農場
1214,agriculture,農業
1215,physically,身体的に；物理(学)的に
1216,therefore,したがって
1217,thus,したがって；このように(して)
1218,otherwise,そうでなければ；別のやり方で；他の点では
1219,exercise,課題；行使；練習；運動／(権力)を行使する；を運動させる／運動する
1220,practice,練習；実行；習慣／練習する；実行する
1221,practical,実際的な；実用的な；適した
1222,theory,理論；学説
1223,addition,追加(分)；足し算
1224,seem,(…のように)思われる[見える]
1225,worry,"《～について》心配する《about, over》／を心配させる／心配(事)"
1226,concern,を心配させる；に関係する／心配；関心；関係
1227,anxious,《～について》心配して《about》；《～を/…することを》切望して《for/to do》
1228,annoy,をいらいらさせる，を悩ませる
1229,nervous,神経の；神経質な；心配した
1230,upset,をあわてさせる；をひっくり返す；(胃など)の調子を悪くする／ろうばい
1231,bother,悩む[ます]；《通例否定文で》わざわざ…する《to do》
1232,stress,緊張；圧力；強調／を強調する
1233,quiet,静かな；平穏な
1234,calm,穏やかな(≒gentle)
1235,noisy,騒々しい
1236,freedom,自由(であること)；解放
1237,free,自由な；暇な；無料の
1238,marvelous,すばらしい；驚くべき
1239,object,物；対象；目的／《～に》反対する《to》／だと反対する《that》
1240,target,(攻撃の)的；達成目標／をねらう
1241,resist,抵抗する；《通例否定文で》我慢する
1242,protest,に抗議する；を主張する／抗議する／抗議；主張
1243,complain,《～のことで》不平を言う《about，of》／と不平を言う《that》
1244,perfect,完全な
1245,universe,《the -》宇宙；全世界
1246,universal,全世界の；普遍的な
1247,job,仕事；役目
1248,point,点；要点；言い分／(銃など)を向ける；を指摘する／《～を》指さす《to》
1249,view,"《～に関する》見解《about, on》；眺め；視野／を観察する；を《～と》みなす《as》"
1250,opinion,意見
1251,sight,見ること；光景；視界；視力；《-s》名所
1252,fry,を炒める[揚げる]
1253,boil,を煮る；を沸騰させる／煮える；沸騰する
1254,pan,平なべ；フライパン
1255,failure,失敗
1256,real,実在する；現実の；本当の
1257,nature,自然(界)；(生まれつきの)性質；(物事の)本質
1258,shell,(貝)殻
1259,profession,職業；《the -》同業者集団
1260,occupation,職業；占領
1261,occupy,を占める；を占領する
1262,employ,を雇う；(方法など)を使用する
1263,act,行動する；振る舞う／を演じる／行為
1264,react,反応する
1265,gentle,優しい；穏やかな
1266,shock,衝撃；打撃／に衝撃を与える
1267,absorb,を吸収する；を夢中にさせる
1268,develop,を発達させる；を開発する／発達する
1269,mineral,鉱物
1270,build,を建てる；を造る
1271,construct,を建設する
1272,establish,を設立する；(評判・先例)を確立する；を立証する
1273,found,を創立する
1274,constitute,を構成する
1275,thin,薄い；細い；(病気などで)やせた
1276,thick,厚い；太い
1277,flexible,柔軟な
1278,skin,皮(膚)；肌；膜
1279,tightly,ぴったりと；強く
1280,tight,しっかり固定した；きつい
1281,attach,を取り付ける
1282,praise,賞賛／を賞賛する
1283,admire,賞賛する；感心する
1284,respect,尊敬；尊重；点／を尊敬する；を尊重する
1285,ignore,を無視する
1286,insult,を侮辱する／《～に対する》侮辱《to》
1287,blame,を非難する；のせいにする／責任；非難
1288,apologize,謝る
1289,shame,恥；《a -》残念なこと
1290,notice,に気づく／注意；掲示；通知
1291,realize,を悟る；に気づく；を実現する
1292,aware,《～に》気づいて《of，that》
1293,conscious,《～に》気づいて《of，that》；意識的な
1294,lay,を置く；を横たえる；(卵)を産む
1295,space,場所；空間；用地；宇宙
1296,completely,完全に
1297,absolutely,まったく；《返事》まったくその通りだ；絶対に
1298,rather,むしろ；かなり；やや
1299,relatively,比較的
1300,shrink,縮む；しりごみする／を縮める
1301,oxygen,酸素
1302,satellite,(人工)衛星
1303,gravity,重力
1304,excellent,非常に優れた
1305,fantastic,すてきな；途方もない；架空の
1306,fine,立派な；元気な；晴れた；細かい／罰金
1307,noble,気高い；貴族の／貴族
1308,treasure,宝物；貴重品
1309,curve,を曲げる／曲線を描く／曲線
1310,design,設計(図)／を設計する
1311,strength,力；強さ(≒power)
1312,force,《+ A to do》Aに無理やり…させる；に押しつける／(暴)力；《-s》軍隊
1313,enough,必要なだけの；十分な／…に必要なだけ／十分な数量
1314,beneath,の下に
1315,weight,重量；重要さ
1316,sit,座る
1317,produce,を生産する；をもたらす；を産む
1318,consume,(エネルギー・時間など)を消費する
1319,manufacture,を製造する／製造；《-s》製品
1320,escape,逃げる／を免れる／脱出
1321,wonder,…かしらと思う／不思議に思う／驚異
1322,wonderful,すばらしい
1323,particular,特定の；特別の；好みがうるさい
1324,specific,特定の；明確な，具体的な
1325,adventure,冒険
1326,difference,違い，相違(点)；差
1327,differ,《～の点で/～とは》違う《in/from》
1328,distinction,区別
1329,distinct,明瞭な；まったく異なった
1330,distinguish,区別する
1331,scholar,学者
1332,influence,"《～に対する》影響(力)《on, over》／に影響を及ぼす"
1333,understanding,理解，知識
1334,cultural,文化的な
1335,gender,(社会的・文化的)性(差)
1336,literacy,読み書きの能力；(ある分野の)知識，能力
1337,convey,(感情・思考など)を伝える；を運ぶ
1338,deliver,を伝える；(演説など)を行う；を配達する
1339,transport,を輸送する／輸送機関；乗り物；運搬
1340,traffic,交通(量)
1341,belief,信念；信頼
1342,perception,認識；知覚
1343,reality,現実(のこと)；真実；実在
1344,perspective,観点；遠近法[感]；見通し
1345,aspect,側面；局面；観点
1346,identity,身元，正体；自己同一性；個性
1347,race,競争；人種／競争する
1348,racial,人種[民族](上)の
1349,novelist,小説家
1350,novel,小説／斬新な
1351,author,著者；作者
1352,recognize,を認識する；を認める
1353,appreciate,の真価を認める；(事・物)に感謝する；を正しく理解する；を鑑賞する
1354,pattern,様式；模様
1355,visually,視覚的に(は); 目で見て
1356,speak,話す
1357,print,を印刷する／印刷
1358,language,言語；言葉
1359,grammar,文法
1360,text,本文；原文
1361,translation,翻訳(書)
1362,interpretation,解釈；通訳
1363,behave,振る舞う
1364,behavior,行動；態度
1365,pretend,ふりをする；装う
1366,conduct,(調査など)を行う；を指揮する；を案内する／(道徳上の)行為；管理
1367,draw,を(線で)描く；を引っ張る／絵[線]を描く；ゆっくりと移動する
1368,describe,を言い表す；を描く；を説明する
1369,fiction,小説；作り話
1370,drawing,絵；図面
1371,art,芸術(作品)；美術；技術
1372,add,を《～に》加える《to》
1373,above,の上に；の上位に／上に；上位に
1374,below,の下に；の下位に／下に；下位に
1375,alongside,のそば[横]に(沿って)；と一緒に／そばに
1376,desire,欲望；要望／を(強く)望む
1377,keen,熱心な；鋭い；激しい
1378,tease,からかう；いじめる
1379,importantly,重要なことには；重大に
1380,character,性格；特徴；(登場)人物；文字
1381,discuss,について話し合う[討議する](≒argue)
1382,passive,受動的な，消極的な
1383,evil,邪悪な／害悪；邪悪
1384,mirror,鏡／を映す；を反映する
1385,reflect,反射する；反映する
1386,present,存在して；出席して；現在の／贈り物／を贈る；(問題など)を提起する
1387,absent,欠席して
1388,current,現在の／流れ
1389,exist,存在する；生存する
1390,recent,最近の
1391,cheerful,元気のいい
1392,shy,内気な
1393,modest,謙虚な；(数・規模などが)控えめな
1394,honest,正直な；率直な
1395,severe,厳格な；深刻な；過酷な
1396,strict,厳格な；厳重な；厳密な
1397,lazy,怠け者の；くつろいだ
1398,argue,議論する；《…だと》主張する《that》
1399,evidence,証拠；形跡
1400,proof,証拠；証明
1401,criticize,を批判する；を批評する
1402,persist,《～に》固執する《in》；いつまでも続く
1403,claim,を主張する；を要求する／主張；要求
1404,insist,主張する；要求する
1405,conclude,と結論づける；を終える／終える
1406,subsequently,それに続いて；後で[に]
1407,nearly,ほとんど
1408,symbol,象徴；記号
1409,setting,環境，背景；(物語などの)舞台
1410,represent,を表す；を代表する
1411,athlete,運動[スポーツ]選手；スポーツマン
1412,change,を変える；を交換する／変わる／変化；交換；つり銭
1413,exchange,を《～と》交換する《for》／交換
1414,alter,を変える／変わる
1415,replace,に取って代わる；を取り替える
1416,revolution,革命；回転
1417,engagement,約束；婚約
1418,promise,約束する／約束；見込み
1419,reservation,予約
1420,appointment,(病院などの)予約；任命；(会合の)約束
1421,commitment,約束，公約；献身
1422,literature,文学；文献
1423,community,地域社会[共同体]
1424,activist,(政治運動などの)活動家
1425,active,積極的な；活動的な
1426,campaign,(政治的・社会的)運動／運動を起こす[に参加する]
1427,law,法(律)；(自然界の)法則
1428,labor,労働(者)；骨折り／働く；努力する
1429,violation,(法律などの)違反
1430,lack,《～の》不足《of》／を欠いている
1431,motivate,(人)に《～する》動機を与える《to do》
1432,encourage,を《…するように》促す《to do》；を奨励する；を励ます
1433,garden,庭
1434,support,を支持する；を支える／支持；支え
1435,bank,銀行；土手
1436,legal,合法的な；法定の；法律の
1437,rule,規則；支配／支配する；規定する
1438,forbid,を禁じる
1439,accuse,を《～のことで》訴える《of》；を非難する
1440,court,法廷
1441,lawyer,弁護士
1442,crime,(法律上の)罪；犯罪
1443,victim,被害者；犠牲者
1444,violence,暴力(行為)；(自然現象などの)激しさ
1445,threat,脅迫，脅し
1446,thief,泥棒
1447,rob,(人など)から《～を》奪う，強奪する《of》
1448,deprive,(人)から《～を》奪う，剥奪する《of》
1449,steal,(物)を(こっそり)盗む／《副詞(句)を伴って》そっと行く
1450,police,警察
